id_manutencao,id_elevador,id_tecnico,id_tipo_falha,id_cliente,data_manutencao,tipo_manutencao,tempo_reparo_horas,custo_reparo_reais,status_servico,observacoes,data_abertura,data_fechamento,tempo_entre_falhas_dias
284,1,7,7,66,2023-01-23,preventiva,1.5,85.25,concluído,Manutenção preventiva padrão,2023-01-23,2023-01-23,
46,1,1,3,66,2023-09-23,corretiva,4.6,737.45,concluído,Sed rerum fugit quam numquam neque.,2023-09-23,2023-09-23,
64,1,1,8,66,2023-12-30,preventiva,2.2,93.69,concluído,Manutenção preventiva padrão,2023-12-30,2023-12-30,
119,1,7,7,66,2024-11-13,preventiva,2.3,116.28,concluído,Manutenção preventiva padrão,2024-11-13,2024-11-13,
60,1,7,8,66,2025-05-12,preventiva,1.9,111.6,concluído,Manutenção preventiva padrão,2025-05-12,2025-05-12,
53,1,4,4,66,2025-05-15,corretiva,1.3,287.51,pendente,Deserunt sunt molestias exercitationem.,2025-05-15,2025-05-15,600.0
286,2,17,8,19,2023-02-06,preventiva,1.9,106.21,concluído,Manutenção preventiva padrão,2023-02-06,2023-02-06,
175,2,13,4,19,2023-07-04,corretiva,1.8,289.33,concluído,In consequatur eligendi mollitia harum maxime.,2023-07-04,2023-07-04,
230,2,13,3,19,2024-02-16,corretiva,4.6,816.37,concluído,Sunt iure quasi quisquam neque omnis.,2024-02-16,2024-02-16,227.0
172,2,13,4,19,2024-10-25,corretiva,2.1,366.52,concluído,Adipisci aliquid consequuntur ullam laborum magni.,2024-10-24,2024-10-25,252.0
232,2,13,3,19,2024-11-22,corretiva,2.3,558.89,concluído,Consequuntur nostrum reprehenderit corporis consectetur.,2024-11-22,2024-11-22,28.0
258,2,18,5,19,2025-07-12,corretiva,1.4,254.81,concluído,Doloremque possimus maxime enim.,2025-07-12,2025-07-12,232.0
285,3,16,5,64,2023-06-12,corretiva,1.0,262.57,concluído,Placeat adipisci delectus beatae repellendus.,2023-06-12,2023-06-12,
115,3,10,4,64,2024-02-29,corretiva,2.1,274.83,concluído,Tenetur delectus dolorum sint.,2024-02-29,2024-02-29,262.0
114,3,16,4,64,2024-10-03,corretiva,1.8,308.43,concluído,Enim quibusdam quibusdam expedita dolor quae earum.,2024-10-03,2024-10-03,217.0
276,4,13,5,15,2023-01-26,corretiva,1.2,244.73,concluído,Nostrum dicta nostrum libero aliquam.,2023-01-26,2023-01-26,
228,4,18,1,15,2023-02-04,corretiva,8.1,1400.79,concluído,Voluptatem corporis mollitia soluta debitis ex.,2023-02-04,2023-02-04,9.0
215,4,17,2,15,2023-03-15,corretiva,4.1,762.85,pendente,At nihil aut consectetur aliquid cupiditate.,2023-03-15,2023-03-15,39.0
155,4,13,2,15,2023-05-10,corretiva,3.0,649.13,concluído,Voluptatum molestiae iste necessitatibus mollitia.,2023-05-09,2023-05-10,56.0
164,4,18,6,15,2023-12-29,corretiva,5.2,1258.02,concluído,Nesciunt hic totam ducimus sit vitae non.,2023-12-29,2023-12-29,233.0
177,4,17,4,15,2024-10-12,corretiva,1.6,315.01,concluído,Libero dolores quos temporibus labore unde sed.,2024-10-12,2024-10-12,288.0
34,4,17,3,15,2025-03-19,corretiva,3.0,597.35,concluído,Officiis ea quo porro dolorem voluptate mollitia.,2025-03-19,2025-03-19,158.0
264,5,17,7,25,2024-04-07,preventiva,1.1,84.94,concluído,Manutenção preventiva padrão,2024-04-07,2024-04-07,
166,5,18,8,25,2025-03-22,preventiva,1.6,97.32,concluído,Manutenção preventiva padrão,2025-03-22,2025-03-22,
147,6,19,5,63,2023-01-11,corretiva,2.2,283.19,concluído,Incidunt provident mollitia quibusdam.,2023-01-11,2023-01-11,
236,6,19,4,63,2024-03-23,corretiva,2.0,334.54,concluído,Odio reprehenderit corporis voluptas animi voluptate sit.,2024-03-23,2024-03-23,437.0
9,6,5,5,63,2024-04-14,corretiva,2.4,377.9,concluído,Aliquid atque ratione doloribus officiis reprehenderit voluptates.,2024-04-14,2024-04-14,22.0
79,6,19,1,63,2024-05-25,corretiva,5.8,1299.87,concluído,Quis labore adipisci.,2024-05-25,2024-05-25,41.0
260,6,5,1,63,2025-04-22,corretiva,7.4,1342.74,concluído,Esse sit saepe porro laboriosam ex.,2025-04-22,2025-04-22,332.0
163,6,9,2,63,2025-06-22,corretiva,4.5,793.71,concluído,Aliquid autem similique.,2025-06-22,2025-06-22,61.0
233,8,13,4,43,2024-01-02,corretiva,2.2,364.14,concluído,Quas ipsa ipsum ipsam.,2024-01-02,2024-01-02,
135,9,5,8,15,2025-02-25,preventiva,1.9,111.78,concluído,Manutenção preventiva padrão,2025-02-25,2025-02-25,
130,9,9,3,15,2025-09-21,corretiva,3.3,659.47,concluído,Pariatur blanditiis quidem perspiciatis eum error numquam.,2025-09-21,2025-09-21,
104,10,3,4,23,2023-03-19,corretiva,1.5,313.51,concluído,Nam dolores adipisci temporibus tenetur.,2023-03-19,2023-03-19,
132,10,3,3,23,2024-01-07,corretiva,3.2,695.85,concluído,Voluptates molestiae voluptatibus id laboriosam a deserunt.,2024-01-07,2024-01-07,294.0
239,10,3,4,23,2024-01-30,corretiva,2.5,346.78,concluído,Voluptate aperiam incidunt a molestias itaque.,2024-01-30,2024-01-30,23.0
8,10,15,8,23,2024-03-27,preventiva,1.7,108.68,concluído,Manutenção preventiva padrão,2024-03-26,2024-03-27,
205,10,3,4,23,2025-03-26,corretiva,2.3,331.8,concluído,Veniam perspiciatis debitis labore quae.,2025-03-25,2025-03-26,421.0
4,11,15,7,9,2023-03-25,preventiva,1.6,85.09,concluído,Manutenção preventiva padrão,2023-03-25,2023-03-25,
26,11,15,5,9,2024-12-05,corretiva,1.3,206.37,pendente,Et vitae cum minus iure.,2024-12-05,2024-12-05,
43,11,15,7,9,2025-08-27,preventiva,2.3,106.41,concluído,Manutenção preventiva padrão,2025-08-27,2025-08-27,
30,12,20,8,45,2023-09-17,preventiva,1.1,88.64,concluído,Manutenção preventiva padrão,2023-09-17,2023-09-17,
198,12,1,8,45,2023-12-31,preventiva,2.2,114.24,concluído,Manutenção preventiva padrão,2023-12-31,2023-12-31,
152,12,20,6,45,2024-10-07,corretiva,8.1,1487.5,concluído,Cupiditate molestias eligendi praesentium.,2024-10-07,2024-10-07,
300,12,20,1,45,2025-03-11,corretiva,8.1,1416.9,concluído,Libero maxime corrupti neque recusandae eius.,2025-03-10,2025-03-11,155.0
279,12,1,4,45,2025-07-23,corretiva,1.0,267.43,concluído,Eaque perferendis occaecati nihil sapiente quod aperiam.,2025-07-23,2025-07-23,134.0
287,12,1,4,45,2025-08-22,corretiva,1.5,314.51,concluído,Minima a velit eos adipisci vero dignissimos.,2025-08-22,2025-08-22,30.0
253,13,11,5,64,2023-03-02,corretiva,1.1,208.75,concluído,Iure consectetur vitae illum.,2023-03-02,2023-03-02,
144,13,9,4,64,2023-06-14,corretiva,1.9,256.65,concluído,Dolorem culpa quo.,2023-06-14,2023-06-14,104.0
126,13,19,1,64,2023-06-21,corretiva,6.7,1376.16,concluído,Nostrum illum assumenda labore illum ipsum doloribus.,2023-06-21,2023-06-21,7.0
213,13,5,6,64,2024-10-25,corretiva,8.1,1481.82,concluído,Veniam doloribus natus.,2024-10-24,2024-10-25,492.0
101,13,9,6,64,2025-08-02,corretiva,5.4,1201.38,concluído,Blanditiis fugiat adipisci eligendi voluptatibus aliquam inventore.,2025-08-02,2025-08-02,281.0
206,14,10,3,16,2023-10-17,corretiva,2.1,579.62,concluído,Ducimus vitae ipsum eveniet possimus.,2023-10-17,2023-10-17,
248,14,14,5,16,2024-03-27,corretiva,2.2,359.69,concluído,Nobis saepe voluptatem ad repellendus.,2024-03-27,2024-03-27,162.0
293,14,14,1,16,2024-06-17,corretiva,8.1,1427.82,concluído,Aut saepe doloribus.,2024-06-17,2024-06-17,82.0
267,14,10,1,16,2025-01-22,corretiva,5.3,1182.61,concluído,Cupiditate laboriosam hic reprehenderit dolor officiis.,2025-01-22,2025-01-22,219.0
69,14,14,5,16,2025-06-04,corretiva,1.5,242.7,concluído,In veniam voluptate aperiam.,2025-06-04,2025-06-04,133.0
91,15,11,2,4,2023-02-14,corretiva,2.5,580.17,concluído,Possimus magni nostrum veritatis enim.,2023-02-14,2023-02-14,
116,15,19,6,4,2024-06-11,corretiva,8.0,1434.22,concluído,Facere nulla delectus dignissimos temporibus accusamus ratione.,2024-06-10,2024-06-11,483.0
92,15,9,7,4,2024-10-08,preventiva,2.1,98.01,concluído,Manutenção preventiva padrão,2024-10-07,2024-10-08,
22,15,5,8,4,2024-11-17,preventiva,2.1,122.33,concluído,Manutenção preventiva padrão,2024-11-17,2024-11-17,
28,15,9,2,4,2025-06-10,corretiva,4.9,791.32,concluído,Dolor praesentium perspiciatis neque.,2025-06-10,2025-06-10,364.0
21,15,5,4,4,2025-09-04,corretiva,2.4,347.89,concluído,Molestiae ad excepturi adipisci neque.,2025-09-04,2025-09-04,86.0
237,16,17,6,18,2023-05-05,corretiva,8.5,1458.75,concluído,Consequatur eos incidunt tempora velit incidunt.,2023-05-05,2023-05-05,
123,16,18,8,18,2023-08-21,preventiva,2.4,112.18,concluído,Manutenção preventiva padrão,2023-08-21,2023-08-21,
77,16,17,5,18,2023-10-17,corretiva,1.8,314.3,concluído,Excepturi magnam suscipit officia.,2023-10-17,2023-10-17,165.0
186,16,13,2,18,2025-06-14,corretiva,4.8,801.25,concluído,Iste voluptatum ipsum officiis tenetur aut cum.,2025-06-14,2025-06-14,606.0
24,16,18,2,18,2025-11-19,corretiva,4.7,758.33,concluído,Magni beatae inventore ipsum.,2025-11-19,2025-11-19,158.0
136,17,16,7,15,2025-08-13,preventiva,1.8,101.61,concluído,Manutenção preventiva padrão,2025-08-12,2025-08-13,
125,17,14,6,15,2025-11-30,corretiva,9.4,1542.06,concluído,Impedit veritatis consequatur vero iusto saepe repellat.,2025-11-29,2025-11-30,
1,18,1,5,22,2023-05-29,corretiva,2.1,325.95,concluído,Dolor autem incidunt explicabo ratione tempore.,2023-05-29,2023-05-29,
105,18,4,5,22,2023-11-14,corretiva,1.8,252.79,concluído,Ipsa minima distinctio odio accusamus.,2023-11-14,2023-11-14,169.0
221,18,20,3,22,2024-08-05,corretiva,2.2,538.37,concluído,Vel hic nisi quae esse nam nobis.,2024-08-05,2024-08-05,265.0
189,18,4,6,22,2025-01-30,corretiva,9.0,1483.33,concluído,Repellat minima inventore non sit modi.,2025-01-30,2025-01-30,178.0
145,18,4,6,22,2025-04-13,corretiva,8.9,1539.75,concluído,Id deleniti ducimus sint.,2025-04-12,2025-04-13,73.0
142,19,15,1,24,2023-04-13,corretiva,5.2,1205.72,concluído,Asperiores ea ea distinctio debitis nostrum consequatur.,2023-04-12,2023-04-13,
52,19,2,3,24,2023-07-20,corretiva,2.6,579.69,concluído,Fuga tenetur vel eveniet et blanditiis.,2023-07-19,2023-07-20,98.0
211,19,2,4,24,2023-08-21,corretiva,2.4,371.75,concluído,Voluptatem tempore iusto.,2023-08-21,2023-08-21,32.0
146,19,15,6,24,2023-09-21,corretiva,9.5,1576.28,concluído,Eius ex rerum sit earum nisi.,2023-09-20,2023-09-21,31.0
217,19,2,6,24,2024-05-30,corretiva,6.3,1272.65,concluído,Iste repellendus iste consequatur esse ipsa esse.,2024-05-30,2024-05-30,252.0
220,19,15,8,24,2024-11-16,preventiva,1.6,77.77,concluído,Manutenção preventiva padrão,2024-11-16,2024-11-16,
222,19,2,5,24,2024-12-05,corretiva,1.6,310.71,concluído,Enim quod natus aliquam iste.,2024-12-05,2024-12-05,189.0
17,19,15,4,24,2025-07-19,corretiva,2.2,349.91,concluído,Dolorum dolor laboriosam optio sint porro at.,2025-07-19,2025-07-19,226.0
281,19,3,2,24,2025-10-04,corretiva,4.8,796.35,concluído,Fuga esse iure reiciendis placeat.,2025-10-03,2025-10-04,77.0
5,20,19,4,48,2023-01-28,corretiva,1.0,228.47,concluído,Molestias quos eum sunt.,2023-01-28,2023-01-28,
72,20,9,8,48,2023-12-26,preventiva,1.2,84.69,concluído,Manutenção preventiva padrão,2023-12-26,2023-12-26,
127,20,11,7,48,2024-08-31,preventiva,1.6,91.44,concluído,Manutenção preventiva padrão,2024-08-30,2024-08-31,
150,20,11,3,48,2025-01-08,corretiva,4.6,718.43,concluído,Aut quasi consequuntur aliquam cupiditate.,2025-01-08,2025-01-08,711.0
265,20,5,4,48,2025-02-26,corretiva,1.1,230.08,concluído,Fugit rem vero tenetur eum.,2025-02-26,2025-02-26,49.0
151,20,19,6,48,2025-08-29,corretiva,5.3,1175.48,concluído,Fugiat aspernatur autem natus tempora sapiente nemo.,2025-08-29,2025-08-29,184.0
113,20,11,5,48,2025-09-09,corretiva,1.6,272.32,concluído,Dolore iure aut labore.,2025-09-09,2025-09-09,11.0
37,21,2,5,44,2023-11-26,corretiva,1.0,241.56,concluído,Dolor velit ad voluptatem inventore perferendis error necessitatibus.,2023-11-26,2023-11-26,
129,21,15,3,44,2023-11-26,corretiva,2.5,579.08,concluído,Repellendus eius ex quis suscipit.,2023-11-25,2023-11-26,0.0
263,21,3,7,44,2024-05-25,preventiva,1.1,88.45,concluído,Manutenção preventiva padrão,2024-05-25,2024-05-25,
57,21,15,5,44,2024-08-24,corretiva,1.8,277.07,concluído,Quae hic tenetur qui doloremque similique quod.,2024-08-24,2024-08-24,272.0
75,21,2,1,44,2024-08-27,corretiva,7.2,1332.97,pendente,Doloremque odio unde aspernatur.,2024-08-27,2024-08-27,3.0
68,21,2,3,44,2025-02-27,corretiva,4.6,757.97,concluído,Est pariatur quas rem labore aperiam perspiciatis.,2025-02-26,2025-02-27,184.0
176,21,3,1,44,2025-04-07,corretiva,8.3,1501.48,concluído,Praesentium dolorem asperiores perferendis sequi temporibus rerum debitis.,2025-04-07,2025-04-07,39.0
51,21,15,7,44,2025-05-12,preventiva,2.2,104.54,concluído,Manutenção preventiva padrão,2025-05-12,2025-05-12,
128,21,3,8,44,2025-05-31,preventiva,1.4,86.23,concluído,Manutenção preventiva padrão,2025-05-31,2025-05-31,
190,22,19,5,32,2023-02-11,corretiva,2.5,348.89,concluído,Quam expedita perferendis doloribus unde.,2023-02-10,2023-02-11,
82,22,5,5,32,2023-02-21,corretiva,1.1,203.09,concluído,Nobis nesciunt vel corrupti.,2023-02-21,2023-02-21,10.0
296,22,11,1,32,2023-11-09,corretiva,10.0,1593.91,concluído,Nisi eius debitis soluta corrupti.,2023-11-09,2023-11-09,261.0
7,22,5,3,32,2024-01-26,corretiva,4.7,808.3,pendente,Modi expedita dicta porro adipisci tempore cupiditate sapiente.,2024-01-26,2024-01-26,78.0
62,23,3,6,13,2023-03-12,corretiva,7.8,1439.67,concluído,Qui repellendus ipsum nulla.,2023-03-11,2023-03-12,
225,23,3,2,13,2023-04-01,corretiva,2.8,647.07,concluído,Possimus itaque ad debitis veritatis eveniet maxime distinctio.,2023-04-01,2023-04-01,20.0
191,23,2,2,13,2024-04-03,corretiva,2.6,611.0,concluído,Velit commodi quis ut officiis dolorum expedita.,2024-04-03,2024-04-03,368.0
227,23,2,3,13,2025-03-21,corretiva,4.7,742.21,concluído,Molestiae natus placeat voluptates.,2025-03-21,2025-03-21,352.0
156,24,5,3,48,2023-09-24,corretiva,3.8,729.95,concluído,Dolores laboriosam architecto deserunt illum nam tenetur placeat.,2023-09-24,2023-09-24,
282,24,11,1,48,2023-12-16,corretiva,8.9,1500.44,concluído,Sunt ut sint eum laudantium dolores.,2023-12-16,2023-12-16,83.0
249,24,9,4,48,2023-12-26,corretiva,1.6,230.24,concluído,Quisquam aspernatur natus dolorem.,2023-12-26,2023-12-26,10.0
254,24,19,1,48,2025-10-16,corretiva,9.8,1632.38,concluído,Modi consequatur quisquam temporibus voluptatibus beatae architecto adipisci.,2025-10-15,2025-10-16,660.0
44,25,18,8,65,2023-05-30,preventiva,1.8,100.37,concluído,Manutenção preventiva padrão,2023-05-30,2023-05-30,
109,25,18,1,65,2025-07-19,corretiva,6.7,1352.39,pendente,Consequuntur mollitia delectus quas accusamus.,2025-07-19,2025-07-19,
121,26,7,7,52,2023-03-12,preventiva,1.8,98.06,concluído,Manutenção preventiva padrão,2023-03-12,2023-03-12,
139,26,7,8,52,2024-06-20,preventiva,1.9,104.95,concluído,Manutenção preventiva padrão,2024-06-20,2024-06-20,
209,26,4,8,52,2025-02-14,preventiva,1.4,95.73,concluído,Manutenção preventiva padrão,2025-02-14,2025-02-14,
234,27,12,6,8,2023-01-06,corretiva,6.5,1366.31,concluído,Rerum quasi quo.,2023-01-06,2023-01-06,
245,27,8,3,8,2023-05-06,corretiva,4.3,757.92,concluído,Cum sint voluptate officia corrupti neque beatae.,2023-05-06,2023-05-06,120.0
298,27,16,6,8,2023-09-11,corretiva,9.2,1500.66,concluído,Eveniet at in eum iste ab nisi.,2023-09-11,2023-09-11,128.0
161,27,16,5,8,2024-05-05,corretiva,2.1,268.18,concluído,Quis dolor ad itaque beatae voluptas nemo.,2024-05-05,2024-05-05,237.0
292,27,10,3,8,2025-03-14,corretiva,2.8,581.72,concluído,Enim voluptatum assumenda quis possimus accusamus nisi.,2025-03-14,2025-03-14,313.0
171,28,20,7,5,2023-01-31,preventiva,1.1,69.54,concluído,Manutenção preventiva padrão,2023-01-31,2023-01-31,
70,28,4,6,5,2023-12-06,corretiva,7.5,1440.2,concluído,Natus tempora possimus tenetur inventore voluptas in.,2023-12-06,2023-12-06,
140,28,20,7,5,2024-07-14,preventiva,1.3,86.16,concluído,Manutenção preventiva padrão,2024-07-14,2024-07-14,
15,28,4,3,5,2025-02-24,corretiva,2.2,559.37,concluído,Sapiente eveniet sit maiores.,2025-02-24,2025-02-24,446.0
255,28,4,6,5,2025-07-06,corretiva,8.1,1462.28,concluído,Reprehenderit non ipsam unde ea labore quia.,2025-07-05,2025-07-06,132.0
16,29,14,2,64,2023-07-08,corretiva,4.1,774.84,concluído,Cupiditate quia officia exercitationem autem quo consectetur iusto.,2023-07-08,2023-07-08,
231,29,12,5,64,2023-10-28,corretiva,1.8,330.23,concluído,Placeat labore dolorem nesciunt.,2023-10-28,2023-10-28,112.0
185,29,12,6,64,2024-04-18,corretiva,9.1,1531.23,concluído,Nesciunt dicta repellendus magni sapiente.,2024-04-18,2024-04-18,173.0
59,29,8,5,64,2024-08-23,corretiva,2.4,363.42,concluído,Impedit voluptatibus corporis impedit impedit praesentium.,2024-08-23,2024-08-23,127.0
81,29,6,2,64,2025-01-27,corretiva,2.8,628.43,concluído,Consequuntur inventore minus animi incidunt iusto magnam.,2025-01-26,2025-01-27,157.0
174,29,6,4,64,2025-06-11,corretiva,1.4,229.14,concluído,Sit culpa mollitia tempora.,2025-06-11,2025-06-11,135.0
256,30,15,6,17,2024-02-15,corretiva,9.2,1553.58,concluído,Quo ea rem nisi tenetur.,2024-02-15,2024-02-15,
65,30,15,1,17,2024-08-18,corretiva,6.9,1317.72,concluído,Maxime sapiente illo assumenda quam laborum debitis soluta.,2024-08-18,2024-08-18,185.0
45,30,15,1,17,2024-09-25,corretiva,6.2,1318.09,concluído,Voluptatem laborum quis officiis culpa consequuntur vel.,2024-09-25,2024-09-25,38.0
3,30,3,3,17,2025-02-11,corretiva,3.7,700.09,concluído,Doloribus iste consequatur officia commodi qui animi atque.,2025-02-11,2025-02-11,139.0
240,30,15,5,17,2025-03-11,corretiva,2.3,293.99,concluído,Animi in tempore expedita modi ullam neque.,2025-03-10,2025-03-11,28.0
204,30,2,7,17,2025-08-02,preventiva,2.2,99.79,concluído,Manutenção preventiva padrão,2025-08-02,2025-08-02,
200,30,2,2,17,2025-09-29,corretiva,2.4,635.89,concluído,Adipisci quidem praesentium sunt numquam aliquid maiores labore.,2025-09-29,2025-09-29,202.0
219,31,4,1,68,2023-03-16,corretiva,7.7,1366.25,concluído,Tenetur voluptate ipsam adipisci blanditiis.,2023-03-15,2023-03-16,
235,31,4,7,68,2023-05-31,preventiva,1.0,93.31,concluído,Manutenção preventiva padrão,2023-05-31,2023-05-31,
252,31,4,4,68,2024-02-29,corretiva,1.5,256.25,concluído,Culpa hic id ratione laudantium voluptatem.,2024-02-28,2024-02-29,350.0
39,32,3,2,65,2023-02-09,corretiva,3.1,654.39,concluído,Magni asperiores illo delectus harum expedita ullam numquam.,2023-02-09,2023-02-09,
194,32,3,4,65,2023-07-08,corretiva,2.2,305.63,concluído,Doloribus quae incidunt nam perferendis magnam tempora corporis.,2023-07-08,2023-07-08,149.0
165,32,15,3,65,2024-04-08,corretiva,2.9,662.6,pendente,Exercitationem amet quod beatae.,2024-04-08,2024-04-08,275.0
280,32,15,7,65,2024-10-22,preventiva,1.0,83.5,concluído,Manutenção preventiva padrão,2024-10-22,2024-10-22,
203,33,4,1,39,2023-08-05,corretiva,9.7,1532.48,concluído,Eveniet occaecati tempora asperiores.,2023-08-04,2023-08-05,
184,33,20,8,39,2024-09-05,preventiva,1.3,83.4,concluído,Manutenção preventiva padrão,2024-09-05,2024-09-05,
63,33,4,2,39,2025-01-03,corretiva,3.8,697.65,concluído,Ab dolor numquam sunt autem velit.,2025-01-03,2025-01-03,517.0
29,33,4,4,39,2025-04-15,corretiva,2.1,299.82,concluído,Dolore cupiditate odit similique excepturi aut officia corporis.,2025-04-15,2025-04-15,102.0
162,33,7,6,39,2025-11-10,corretiva,7.1,1318.32,concluído,Quod distinctio animi neque quibusdam fuga occaecati id.,2025-11-10,2025-11-10,209.0
288,34,18,7,41,2023-08-17,preventiva,1.8,93.71,concluído,Manutenção preventiva padrão,2023-08-17,2023-08-17,
76,34,18,3,41,2024-03-19,corretiva,3.2,667.87,concluído,Dolore aperiam a quasi reiciendis saepe.,2024-03-19,2024-03-19,
84,34,18,8,41,2024-08-12,preventiva,1.1,65.97,concluído,Manutenção preventiva padrão,2024-08-12,2024-08-12,
202,34,17,4,41,2024-11-22,corretiva,1.5,250.08,concluído,Assumenda deleniti veniam aperiam culpa ullam facilis.,2024-11-22,2024-11-22,248.0
25,35,14,3,53,2023-03-03,corretiva,3.1,673.54,concluído,Similique praesentium assumenda optio culpa dolores vitae.,2023-03-03,2023-03-03,
290,35,10,3,53,2024-12-25,corretiva,5.0,773.7,concluído,Totam dolores sunt excepturi pariatur alias nesciunt esse.,2024-12-25,2024-12-25,663.0
283,36,2,4,31,2023-09-23,corretiva,2.5,372.53,pendente,Quasi incidunt dolor possimus.,2023-09-23,2023-09-23,
33,36,2,3,31,2024-01-09,corretiva,2.8,578.38,concluído,Consequatur odit impedit commodi eum accusamus.,2024-01-09,2024-01-09,108.0
49,36,15,5,31,2024-02-02,corretiva,2.1,317.64,concluído,Dolore laborum amet est error.,2024-02-02,2024-02-02,24.0
192,36,2,4,31,2024-03-25,corretiva,1.8,321.98,concluído,Aut sequi provident vel ex libero velit nihil.,2024-03-25,2024-03-25,52.0
67,36,15,2,31,2024-06-10,corretiva,3.3,648.6,concluído,Dolore ea numquam in quisquam non nihil mollitia.,2024-06-10,2024-06-10,77.0
224,36,3,1,31,2024-11-15,corretiva,9.0,1553.31,concluído,Vero inventore tempore optio modi.,2024-11-14,2024-11-15,158.0
122,36,15,5,31,2025-05-23,corretiva,1.9,295.99,concluído,Hic laborum velit quisquam perferendis atque quis deserunt.,2025-05-23,2025-05-23,189.0
273,36,2,4,31,2025-07-17,corretiva,1.3,224.28,concluído,Nobis ad debitis minima necessitatibus.,2025-07-17,2025-07-17,55.0
247,36,15,2,31,2025-10-16,corretiva,4.1,751.41,concluído,Soluta itaque pariatur architecto dolor.,2025-10-16,2025-10-16,91.0
181,37,5,6,27,2023-03-08,corretiva,9.3,1554.75,concluído,Ad sed impedit voluptatum.,2023-03-08,2023-03-08,
131,37,11,2,27,2023-05-01,corretiva,4.5,802.97,concluído,Vero cumque veritatis voluptatum.,2023-05-01,2023-05-01,54.0
153,37,19,1,27,2024-01-12,corretiva,9.4,1591.22,concluído,Vero magnam dolor necessitatibus porro minus asperiores quisquam.,2024-01-12,2024-01-12,256.0
12,37,5,4,27,2024-03-30,corretiva,1.6,302.68,concluído,Modi impedit suscipit occaecati architecto impedit.,2024-03-30,2024-03-30,78.0
157,37,9,2,27,2025-11-13,corretiva,3.4,692.98,concluído,Eos eum facilis sit magni officiis ullam dolores.,2025-11-13,2025-11-13,593.0
134,38,4,6,7,2023-05-06,corretiva,5.1,1171.21,concluído,Ex illo suscipit enim.,2023-05-06,2023-05-06,
241,38,7,2,7,2023-09-14,corretiva,2.5,592.91,concluído,Iusto eos excepturi deleniti molestias iste iste.,2023-09-14,2023-09-14,131.0
89,38,20,4,7,2024-05-11,corretiva,2.4,388.88,concluído,Animi dolor non molestiae libero placeat.,2024-05-11,2024-05-11,240.0
71,38,4,2,7,2025-04-09,corretiva,4.5,785.26,concluído,Tempore nulla harum nostrum voluptatibus.,2025-04-09,2025-04-09,333.0
167,39,15,6,25,2024-06-21,corretiva,9.7,1619.64,pendente,Repudiandae ipsam adipisci quod veniam quisquam.,2024-06-21,2024-06-21,
95,39,3,4,25,2025-11-25,corretiva,2.4,351.83,concluído,Voluptatem deserunt numquam.,2025-11-25,2025-11-25,522.0
242,40,2,7,37,2023-12-05,preventiva,2.0,116.59,concluído,Manutenção preventiva padrão,2023-12-05,2023-12-05,
169,40,3,2,37,2023-12-23,corretiva,4.2,705.79,concluído,Ipsum beatae modi provident numquam laboriosam.,2023-12-23,2023-12-23,
148,40,2,8,37,2024-07-27,preventiva,1.4,84.02,concluído,Manutenção preventiva padrão,2024-07-27,2024-07-27,
97,41,4,3,60,2023-08-10,corretiva,3.1,640.7,concluído,Ut aut officiis alias earum ea deserunt.,2023-08-10,2023-08-10,
149,41,7,1,60,2023-12-22,corretiva,8.8,1496.47,concluído,Ex quam praesentium suscipit.,2023-12-21,2023-12-22,134.0
289,41,7,3,60,2024-01-29,corretiva,2.9,664.45,concluído,Voluptas amet voluptate corporis dolores.,2024-01-29,2024-01-29,38.0
261,42,1,2,58,2023-01-23,corretiva,2.4,636.92,concluído,Maiores earum odit.,2023-01-23,2023-01-23,
10,42,7,1,58,2023-02-26,corretiva,6.1,1283.39,concluído,Quidem sit deleniti suscipit tempore id.,2023-02-26,2023-02-26,34.0
55,42,20,7,58,2023-02-27,preventiva,2.2,103.97,concluído,Manutenção preventiva padrão,2023-02-27,2023-02-27,
158,42,20,6,58,2023-03-18,corretiva,5.6,1258.86,concluído,Molestiae saepe enim voluptatibus eligendi molestias ad soluta.,2023-03-18,2023-03-18,20.0
275,42,7,6,58,2023-07-04,corretiva,6.2,1250.64,concluído,Cupiditate error vel tempore temporibus vero similique labore.,2023-07-04,2023-07-04,108.0
212,42,1,7,58,2023-07-16,preventiva,2.3,97.38,concluído,Manutenção preventiva padrão,2023-07-16,2023-07-16,
238,42,1,5,58,2023-10-08,corretiva,2.0,263.89,concluído,Dolore numquam voluptate laudantium.,2023-10-08,2023-10-08,96.0
141,42,7,8,58,2024-06-23,preventiva,2.2,103.46,concluído,Manutenção preventiva padrão,2024-06-23,2024-06-23,
18,42,1,5,58,2024-07-04,corretiva,1.2,292.63,concluído,Ex molestias ipsa consequuntur perspiciatis quasi.,2024-07-04,2024-07-04,270.0
108,42,7,4,58,2024-11-04,corretiva,1.1,204.0,concluído,Harum eos alias eum.,2024-11-04,2024-11-04,123.0
196,42,1,2,58,2024-12-08,corretiva,4.9,822.92,concluído,Est quos dolorem nobis.,2024-12-08,2024-12-08,34.0
291,42,20,4,58,2025-03-13,corretiva,2.4,304.63,concluído,Reiciendis id inventore temporibus laudantium architecto.,2025-03-13,2025-03-13,95.0
246,43,4,8,43,2023-08-04,preventiva,1.5,92.49,concluído,Manutenção preventiva padrão,2023-08-04,2023-08-04,
274,43,1,5,43,2024-08-17,corretiva,2.4,297.35,concluído,Quia neque molestiae ut debitis corrupti ipsam eos.,2024-08-17,2024-08-17,
124,43,1,1,43,2025-02-14,corretiva,9.5,1606.91,concluído,Libero autem placeat praesentium voluptatibus unde et.,2025-02-14,2025-02-14,181.0
214,43,4,1,43,2025-03-15,corretiva,8.5,1529.13,concluído,Repudiandae rem aliquam.,2025-03-14,2025-03-15,29.0
83,43,4,4,43,2025-07-04,corretiva,1.4,215.77,concluído,Accusamus architecto dignissimos laboriosam excepturi delectus.,2025-07-04,2025-07-04,111.0
112,43,7,7,43,2025-07-14,preventiva,2.5,112.68,concluído,Manutenção preventiva padrão,2025-07-14,2025-07-14,
120,44,1,8,19,2023-10-24,preventiva,2.3,107.04,concluído,Manutenção preventiva padrão,2023-10-24,2023-10-24,
117,44,7,7,19,2023-12-12,preventiva,1.9,99.76,concluído,Manutenção preventiva padrão,2023-12-12,2023-12-12,
102,44,1,7,19,2025-09-07,preventiva,1.9,87.71,concluído,Manutenção preventiva padrão,2025-09-07,2025-09-07,
193,44,4,7,19,2025-10-07,preventiva,1.6,101.88,concluído,Manutenção preventiva padrão,2025-10-06,2025-10-07,
50,45,15,6,49,2023-06-21,corretiva,7.9,1397.69,concluído,Dolorum quidem ipsum.,2023-06-20,2023-06-21,
195,45,2,5,49,2024-07-02,corretiva,1.4,239.92,pendente,Assumenda ducimus ipsam accusamus architecto odio esse.,2024-07-02,2024-07-02,377.0
85,45,15,6,49,2024-12-24,corretiva,6.6,1288.75,concluído,Necessitatibus voluptas enim voluptatum consectetur.,2024-12-24,2024-12-24,175.0
32,45,2,8,49,2025-09-29,preventiva,2.0,91.23,concluído,Manutenção preventiva padrão,2025-09-29,2025-09-29,
268,45,15,1,49,2025-11-11,corretiva,6.2,1259.83,concluído,Facilis odit possimus beatae qui itaque mollitia at.,2025-11-11,2025-11-11,322.0
299,46,15,7,44,2023-08-17,preventiva,1.8,90.08,concluído,Manutenção preventiva padrão,2023-08-17,2023-08-17,
74,46,15,1,44,2024-06-01,corretiva,8.5,1453.11,concluído,Dolorem voluptatem id impedit error.,2024-06-01,2024-06-01,
35,46,2,4,44,2024-06-30,corretiva,2.1,293.23,concluído,Consequatur aliquid libero veniam.,2024-06-30,2024-06-30,29.0
294,46,3,8,44,2024-07-28,preventiva,2.4,119.55,concluído,Manutenção preventiva padrão,2024-07-28,2024-07-28,
103,46,15,7,44,2024-10-15,preventiva,2.4,112.15,concluído,Manutenção preventiva padrão,2024-10-15,2024-10-15,
178,46,2,7,44,2025-06-18,preventiva,1.7,103.33,concluído,Manutenção preventiva padrão,2025-06-18,2025-06-18,
187,46,2,1,44,2025-08-20,corretiva,9.6,1551.18,concluído,Consequuntur libero labore odit accusantium non fugiat.,2025-08-19,2025-08-20,416.0
180,47,2,7,40,2023-06-02,preventiva,1.7,94.1,concluído,Manutenção preventiva padrão,2023-06-02,2023-06-02,
106,47,15,6,40,2024-03-25,corretiva,8.0,1481.96,pendente,Possimus tempora animi commodi.,2024-03-25,2024-03-25,
182,47,15,1,40,2024-11-13,corretiva,6.9,1346.77,concluído,Necessitatibus cupiditate earum quisquam harum ipsum numquam.,2024-11-12,2024-11-13,233.0
183,47,2,6,40,2024-12-07,corretiva,7.3,1402.47,concluído,Vel veritatis explicabo provident.,2024-12-06,2024-12-07,24.0
58,47,3,6,40,2025-02-07,corretiva,9.8,1570.94,concluído,Necessitatibus iure rerum aperiam error.,2025-02-06,2025-02-07,62.0
31,48,15,4,37,2023-02-19,corretiva,1.6,267.15,concluído,Omnis vitae quia.,2023-02-19,2023-02-19,
197,48,15,8,37,2023-07-06,preventiva,1.7,83.69,concluído,Manutenção preventiva padrão,2023-07-06,2023-07-06,
271,48,3,3,37,2023-07-22,corretiva,3.7,678.02,concluído,Beatae ipsam dicta vel nemo necessitatibus.,2023-07-22,2023-07-22,153.0
137,48,15,5,37,2023-08-16,corretiva,1.5,242.88,concluído,Id quisquam reiciendis.,2023-08-16,2023-08-16,25.0
80,48,3,5,37,2023-08-20,corretiva,1.9,299.01,concluído,Alias voluptatem impedit temporibus libero.,2023-08-20,2023-08-20,4.0
110,48,15,2,37,2023-11-14,corretiva,3.5,724.1,concluído,Ullam esse fugiat saepe nulla.,2023-11-14,2023-11-14,86.0
272,48,3,5,37,2023-11-23,corretiva,2.4,389.16,concluído,Voluptates saepe ipsum dolor fugit asperiores ipsum.,2023-11-23,2023-11-23,9.0
262,48,15,4,37,2024-02-18,corretiva,1.3,227.62,concluído,Vitae accusantium natus voluptates laboriosam.,2024-02-18,2024-02-18,87.0
96,48,3,7,37,2025-02-22,preventiva,2.3,111.88,concluído,Manutenção preventiva padrão,2025-02-22,2025-02-22,
78,48,2,6,37,2025-03-30,corretiva,7.0,1396.96,concluído,Unde eum animi labore.,2025-03-30,2025-03-30,406.0
11,48,3,2,37,2025-07-05,corretiva,4.0,689.48,concluído,Qui aliquid cumque molestiae fugit a eum quod.,2025-07-05,2025-07-05,97.0
201,49,12,3,14,2023-04-18,corretiva,4.1,776.21,concluído,Consequatur atque facere.,2023-04-18,2023-04-18,
88,49,12,6,14,2023-04-20,corretiva,9.4,1531.3,concluído,Modi laudantium fuga.,2023-04-20,2023-04-20,2.0
73,49,16,8,14,2024-07-18,preventiva,2.0,101.2,concluído,Manutenção preventiva padrão,2024-07-18,2024-07-18,
259,49,10,2,14,2024-07-20,corretiva,2.5,565.88,concluído,Ea officia saepe.,2024-07-20,2024-07-20,457.0
107,49,6,6,14,2025-08-22,corretiva,6.1,1283.41,concluído,Nihil laboriosam unde sed adipisci iste.,2025-08-22,2025-08-22,398.0
250,50,1,7,52,2023-02-22,preventiva,1.3,76.46,concluído,Manutenção preventiva padrão,2023-02-22,2023-02-22,
111,50,20,6,52,2023-08-24,corretiva,7.5,1386.88,concluído,Odit ex molestiae rem ab placeat dignissimos animi.,2023-08-24,2023-08-24,
229,50,4,3,52,2024-01-15,corretiva,3.6,706.66,concluído,Veritatis eius sapiente quis minus.,2024-01-15,2024-01-15,144.0
6,50,4,2,52,2024-05-25,corretiva,5.0,829.61,concluído,Impedit perspiciatis laborum neque tenetur optio unde aut.,2024-05-25,2024-05-25,131.0
244,50,1,7,52,2025-09-18,preventiva,1.9,110.36,concluído,Manutenção preventiva padrão,2025-09-18,2025-09-18,
41,50,4,2,52,2025-11-28,corretiva,3.2,610.12,concluído,Earum ipsum excepturi suscipit.,2025-11-28,2025-11-28,552.0
173,51,13,6,58,2023-03-04,corretiva,7.3,1364.94,concluído,Necessitatibus quam esse.,2023-03-04,2023-03-04,
138,51,17,8,58,2023-03-22,preventiva,2.5,124.06,concluído,Manutenção preventiva padrão,2023-03-22,2023-03-22,
199,51,13,8,58,2024-12-24,preventiva,2.1,102.57,concluído,Manutenção preventiva padrão,2024-12-24,2024-12-24,
100,51,17,5,58,2025-08-31,corretiva,2.0,290.19,concluído,Pariatur consequuntur rerum eum consequatur vitae.,2025-08-31,2025-08-31,911.0
54,52,10,1,28,2023-03-17,corretiva,5.5,1279.12,concluído,Quas a accusamus dignissimos natus accusamus atque.,2023-03-16,2023-03-17,
93,52,12,3,28,2023-09-24,corretiva,4.3,741.37,concluído,Molestiae laudantium doloremque ad.,2023-09-23,2023-09-24,191.0
210,52,14,8,28,2024-02-20,preventiva,1.4,91.0,concluído,Manutenção preventiva padrão,2024-02-20,2024-02-20,
133,52,10,1,28,2024-03-25,corretiva,9.9,1622.22,concluído,Cum sit iusto enim possimus odio dolorem.,2024-03-24,2024-03-25,183.0
216,52,14,3,28,2024-05-10,corretiva,3.7,701.03,concluído,Voluptate consectetur commodi commodi atque.,2024-05-10,2024-05-10,46.0
13,53,19,5,11,2024-05-13,corretiva,1.3,273.83,concluído,Tenetur eos saepe neque consectetur.,2024-05-13,2024-05-13,
118,53,19,3,11,2025-05-14,corretiva,2.1,567.68,concluído,Quidem dolor earum voluptatum.,2025-05-14,2025-05-14,366.0
207,54,3,6,59,2023-03-09,corretiva,9.5,1529.19,concluído,Exercitationem ipsa officiis occaecati.,2023-03-08,2023-03-09,
159,54,2,5,59,2023-04-10,corretiva,2.0,355.49,concluído,Fugit animi provident soluta quo provident natus.,2023-04-10,2023-04-10,32.0
160,54,2,8,59,2023-05-31,preventiva,2.0,116.86,concluído,Manutenção preventiva padrão,2023-05-31,2023-05-31,
269,54,3,1,59,2023-11-24,corretiva,9.8,1567.51,concluído,Ad magnam labore praesentium aliquid minima.,2023-11-23,2023-11-24,228.0
297,54,2,8,59,2024-10-28,preventiva,1.9,101.44,concluído,Manutenção preventiva padrão,2024-10-28,2024-10-28,
208,54,3,3,59,2025-01-17,corretiva,3.7,708.84,concluído,Quam laborum ex.,2025-01-17,2025-01-17,420.0
278,55,13,1,43,2023-09-17,corretiva,7.9,1472.99,concluído,Qui explicabo dolorum officiis quaerat temporibus.,2023-09-17,2023-09-17,
277,55,18,4,43,2024-06-19,corretiva,2.3,340.61,concluído,Animi eos rerum similique ipsam eligendi.,2024-06-19,2024-06-19,276.0
87,55,13,5,43,2025-09-07,corretiva,2.0,305.71,concluído,Facilis ab deserunt mollitia libero molestias quae.,2025-09-07,2025-09-07,445.0
40,55,18,3,43,2025-10-04,corretiva,3.6,703.11,concluído,Ratione repudiandae ipsam labore quidem.,2025-10-04,2025-10-04,27.0
38,55,13,1,43,2025-11-03,corretiva,8.2,1407.51,concluído,Quaerat labore nostrum velit veniam exercitationem temporibus sit.,2025-11-03,2025-11-03,30.0
168,56,18,5,1,2024-07-24,corretiva,1.8,272.43,concluído,Nostrum deserunt dolor accusamus ad labore cupiditate.,2024-07-24,2024-07-24,
257,57,4,1,6,2023-08-24,corretiva,6.2,1299.3,concluído,Laboriosam expedita sed animi.,2023-08-24,2023-08-24,
94,57,20,6,6,2023-09-25,corretiva,8.1,1472.61,concluído,Eaque nemo quo doloremque ex consectetur.,2023-09-25,2023-09-25,32.0
251,57,4,4,6,2023-10-16,corretiva,1.8,327.83,concluído,Et ullam ab necessitatibus a expedita.,2023-10-16,2023-10-16,21.0
218,57,7,2,6,2024-03-17,corretiva,3.2,683.96,concluído,Nulla ipsa odit.,2024-03-17,2024-03-17,153.0
61,57,20,6,6,2024-09-06,corretiva,7.4,1426.33,pendente,Illo ea dolorum sint sunt neque in.,2024-09-05,2024-09-06,173.0
98,57,7,4,6,2024-09-23,corretiva,2.4,333.87,concluído,Praesentium at eum facilis voluptatum ducimus alias.,2024-09-23,2024-09-23,17.0
27,57,1,1,6,2024-09-27,corretiva,5.9,1276.42,concluído,Voluptates praesentium ipsa porro sed iure accusantium dignissimos.,2024-09-27,2024-09-27,4.0
19,57,4,1,6,2024-10-31,corretiva,5.2,1226.88,concluído,Assumenda tenetur maxime saepe.,2024-10-31,2024-10-31,34.0
48,57,20,6,6,2025-04-06,corretiva,5.0,1232.36,concluído,Ex ut distinctio distinctio corrupti possimus.,2025-04-06,2025-04-06,157.0
42,57,4,3,6,2025-05-31,corretiva,4.5,770.62,concluído,Ipsam voluptatem aperiam.,2025-05-30,2025-05-31,55.0
99,57,20,8,6,2025-10-25,preventiva,1.6,78.54,concluído,Manutenção preventiva padrão,2025-10-25,2025-10-25,
36,58,19,5,56,2023-02-25,corretiva,2.0,260.3,concluído,Placeat exercitationem est voluptate.,2023-02-25,2023-02-25,
295,58,5,3,56,2023-08-20,corretiva,2.6,604.87,concluído,Dolorum officia voluptatem assumenda eos magni.,2023-08-20,2023-08-20,176.0
270,58,9,3,56,2023-10-24,corretiva,4.2,747.2,concluído,At hic laudantium quidem consequatur debitis nisi.,2023-10-24,2023-10-24,65.0
14,58,19,1,56,2024-01-31,corretiva,6.0,1290.94,concluído,Dicta iste tempore enim.,2024-01-31,2024-01-31,99.0
170,58,5,7,56,2024-02-26,preventiva,2.3,104.08,concluído,Manutenção preventiva padrão,2024-02-26,2024-02-26,
23,58,9,4,56,2024-03-23,corretiva,2.2,339.16,concluído,Consequuntur magnam ducimus ipsa.,2024-03-23,2024-03-23,52.0
2,58,9,4,56,2024-05-16,corretiva,1.1,194.11,concluído,Itaque officiis eos aspernatur illum unde laudantium.,2024-05-16,2024-05-16,54.0
154,58,11,6,56,2024-12-07,corretiva,8.5,1468.0,concluído,Impedit sapiente dolore accusantium fugiat sequi hic blanditiis.,2024-12-06,2024-12-07,205.0
243,58,5,4,56,2025-02-01,corretiva,2.4,377.8,concluído,Odit corrupti vero natus repudiandae.,2025-02-01,2025-02-01,56.0
226,59,5,8,51,2023-02-15,preventiva,1.2,89.85,concluído,Manutenção preventiva padrão,2023-02-15,2023-02-15,
266,59,5,4,51,2023-07-29,corretiva,2.1,321.67,concluído,Temporibus cum ex voluptas consequatur necessitatibus consequatur ipsum.,2023-07-29,2023-07-29,
179,59,19,7,51,2024-06-15,preventiva,1.6,82.59,concluído,Manutenção preventiva padrão,2024-06-15,2024-06-15,
66,59,5,7,51,2025-10-02,preventiva,2.0,98.32,concluído,Manutenção preventiva padrão,2025-10-02,2025-10-02,
223,60,15,7,4,2023-07-07,preventiva,1.1,93.4,concluído,Manutenção preventiva padrão,2023-07-07,2023-07-07,
20,60,3,2,4,2024-04-09,corretiva,4.0,724.26,concluído,Distinctio saepe illo sint.,2024-04-09,2024-04-09,
56,60,3,6,4,2024-09-07,corretiva,6.7,1383.9,concluído,Dolor molestiae eveniet blanditiis.,2024-09-07,2024-09-07,151.0
188,60,2,5,4,2025-01-29,corretiva,1.9,339.76,concluído,Iste accusantium illo debitis autem asperiores.,2025-01-29,2025-01-29,144.0
143,60,3,2,4,2025-06-03,corretiva,4.3,790.19,concluído,Nobis impedit delectus beatae fuga iusto.,2025-06-03,2025-06-03,125.0
86,60,2,5,4,2025-06-08,corretiva,1.5,293.52,concluído,Dolore eius soluta eligendi.,2025-06-08,2025-06-08,5.0
90,60,2,6,4,2025-09-29,corretiva,8.1,1448.46,concluído,Ullam a repudiandae repellat.,2025-09-28,2025-09-29,113.0
47,60,2,3,4,2025-11-04,corretiva,4.9,748.01,concluído,Dolor nisi magnam necessitatibus.,2025-11-04,2025-11-04,36.0
